createdAt,full_redirect_url,id,publishedAt,redirect_url,revisedAt,updatedAt,work_id
2026-03-14T14:47:11.138Z,https://sphereworld.org/redirect/?id=yc9gkafc9qn,yc9gkafc9qn,2026-03-14T14:47:11.138Z,https://drive.google.com/drive/folders/1DEsyQ3Pc-atXau44EoASpyi1qNOfB_O3,2026-03-14T14:47:11.138Z,2026-03-14T14:47:11.138Z,AmeliaWatson
2026-03-14T14:47:13.474Z,https://sphereworld.org/redirect/?id=h8r80yybqt,h8r80yybqt,2026-03-14T14:47:13.474Z,https://drive.google.com/drive/folders/1DtlniYgA5GeUAN0dgo2bqIvbVEwIvm_5,2026-03-14T14:47:13.474Z,2026-03-14T14:47:13.474Z,AmeliaWatson2
2026-03-14T14:47:15.867Z,https://sphereworld.org/redirect/?id=p_uzctvlg,p_uzctvlg,2026-03-14T14:47:15.867Z,https://drive.google.com/drive/folders/17gvG_saOlj4_x8E41GnG-jQ_gkLrpfqf,2026-03-14T14:47:15.867Z,2026-03-14T14:47:15.867Z,AmeliaWatson3
2026-03-14T14:47:18.170Z,https://sphereworld.org/redirect/?id=wfr1yf3nih,wfr1yf3nih,2026-03-14T14:47:18.170Z,https://drive.google.com/drive/folders/1oHHoV6cOvWDeQphDi31uuW_NtdsBzyNt,2026-03-14T14:47:18.170Z,2026-03-14T14:47:18.170Z,AmeliaWatson4
2026-03-14T14:47:20.149Z,https://sphereworld.org/redirect/?id=94oumy2rt99g,94oumy2rt99g,2026-03-14T14:47:20.149Z,https://drive.google.com/drive/folders/10hyoCHS4Hp7vk-QbvnEt_87C1Jpq4NhY,2026-03-14T14:47:20.149Z,2026-03-14T14:47:20.149Z,AmeliaWatson5
2026-03-14T14:47:22.171Z,https://sphereworld.org/redirect/?id=4v5d1j71hk,4v5d1j71hk,2026-03-14T14:47:22.171Z,https://drive.google.com/drive/folders/1sQ3YYi0xRODVlJgPLm_zXAaaVxdR9_po,2026-03-14T14:47:22.171Z,2026-03-14T14:47:22.171Z,AmeliaWatson6
2026-03-14T14:47:24.456Z,https://sphereworld.org/redirect/?id=s7y2kjeis,s7y2kjeis,2026-03-14T14:47:24.456Z,https://drive.google.com/drive/folders/1IqvQCiLY7QGdO8A_V2DfvgEgPsx4r9EJ,2026-03-14T14:47:24.456Z,2026-03-14T14:47:24.456Z,AmeliaWatson7
2026-03-14T14:47:26.773Z,https://sphereworld.org/redirect/?id=iowx0p_tcd,iowx0p_tcd,2026-03-14T14:47:26.773Z,https://drive.google.com/drive/folders/1vbo6rAd__9ZUiOHdf_sktUBHu52aGu9R,2026-03-14T14:47:26.773Z,2026-03-14T14:47:26.773Z,Aqua
2026-03-14T14:47:28.789Z,https://sphereworld.org/redirect/?id=t1g6-q6q51,t1g6-q6q51,2026-03-14T14:47:28.789Z,https://drive.google.com/drive/folders/1EzAV46Jum9StJIArnmI0y_XlKxuB6d5P,2026-03-14T14:47:28.789Z,2026-03-14T14:47:28.789Z,Aqua2
2026-03-14T14:47:30.802Z,https://sphereworld.org/redirect/?id=4toweqzcxfb,4toweqzcxfb,2026-03-14T14:47:30.802Z,https://drive.google.com/drive/folders/1w5DZspX44ybeyYb6ix6S-qiIKIdYkIbg,2026-03-14T14:47:30.802Z,2026-03-14T14:47:30.802Z,Aqua3
2026-03-14T14:47:33.126Z,https://sphereworld.org/redirect/?id=792tdp5d3umc,792tdp5d3umc,2026-03-14T14:47:33.126Z,https://drive.google.com/drive/folders/1UPqoz8sYfCzC5llIWU7AJleTfj82dwhI,2026-03-14T14:47:33.126Z,2026-03-14T14:47:33.126Z,Aqua4
2026-03-14T14:47:35.396Z,https://sphereworld.org/redirect/?id=pn0y4iuvo,pn0y4iuvo,2026-03-14T14:47:35.396Z,https://drive.google.com/drive/folders/1OKyT30KOf5QzihBZlH3pml4UrMSgX3ne,2026-03-14T14:47:35.396Z,2026-03-14T14:47:35.396Z,Aqua5
2026-03-14T14:47:37.690Z,https://sphereworld.org/redirect/?id=jn9h82fq3xx,jn9h82fq3xx,2026-03-14T14:47:37.690Z,https://drive.google.com/drive/folders/1QjQYgMJpgmMmlJSuDX-0vEL-05FkV5SC,2026-03-14T14:47:37.690Z,2026-03-14T14:47:37.690Z,Aqua6
2026-03-14T14:47:39.736Z,https://sphereworld.org/redirect/?id=ua5b_xcr_ehg,ua5b_xcr_ehg,2026-03-14T14:47:39.736Z,https://drive.google.com/drive/folders/1rL5Hb-N-o8kEBgTLqNw6r_xs6iBxTfoT,2026-03-14T14:47:39.736Z,2026-03-14T14:47:39.736Z,Aqua7
2026-03-14T14:47:42.094Z,https://sphereworld.org/redirect/?id=jnr0h3bnhj25,jnr0h3bnhj25,2026-03-14T14:47:42.094Z,https://drive.google.com/drive/folders/1Z_yHN7pXG_WGwAZOCsiCnpglwY90dQOw,2026-03-14T14:47:42.094Z,2026-03-14T14:47:42.094Z,AquaSuisei
2026-03-14T15:09:51.852Z,https://sphereworld.org/redirect/?id=eqp3o0jw264,eqp3o0jw264,2026-03-14T15:09:51.852Z,https://drive.google.com/drive/folders/159mtd6-te5PCS9oYcyB476YPFplJqNBX?usp=drive_link,2026-03-14T15:09:51.852Z,2026-03-14T15:09:51.852Z,Archive
2026-03-14T14:47:44.187Z,https://sphereworld.org/redirect/?id=ntuhd1ctdi,ntuhd1ctdi,2026-03-14T14:47:44.187Z,https://drive.google.com/drive/folders/1zn_aNtJsfDI2akRibtcQc1gbsvtNZC_g,2026-03-14T14:47:44.187Z,2026-03-14T14:47:44.187Z,Azki
2026-03-14T14:47:46.575Z,https://sphereworld.org/redirect/?id=b9qj678wbnjb,b9qj678wbnjb,2026-03-14T14:47:46.575Z,https://drive.google.com/drive/folders/1SAmyLjTnfrCjEs94sT0uT51xUm4fEa2s,2026-03-14T14:47:46.575Z,2026-03-14T14:47:46.575Z,Azki2
2026-03-14T14:47:48.887Z,https://sphereworld.org/redirect/?id=jl2nrqcq4j01,jl2nrqcq4j01,2026-03-14T14:47:48.887Z,https://drive.google.com/drive/folders/1YMjLBcmzMfosAyIzTN8XFkaFt846WPaC,2026-03-14T14:47:48.887Z,2026-03-14T14:47:48.887Z,Azki3
2026-03-14T14:47:51.243Z,https://sphereworld.org/redirect/?id=gade95kefs-c,gade95kefs-c,2026-03-14T14:47:51.243Z,https://drive.google.com/drive/folders/1mBXMDqemLGQN0f8zAV1rO8PZcqNUNGRw,2026-03-14T14:47:51.243Z,2026-03-14T14:47:51.243Z,Azki4
2026-03-14T14:47:53.265Z,https://sphereworld.org/redirect/?id=aqriqfh80a6o,aqriqfh80a6o,2026-03-14T14:47:53.265Z,https://drive.google.com/drive/folders/14g6ZxClHNbKFojJoBOpaF_nDBEQp3gvA,2026-03-14T14:47:53.265Z,2026-03-14T14:47:53.265Z,Azki5
2026-03-14T14:47:55.566Z,https://sphereworld.org/redirect/?id=c34mhodq8,c34mhodq8,2026-03-14T14:47:55.566Z,https://drive.google.com/drive/folders/1YCHtJTRTu6VAliW7uQd9xs57UtL2HCQa,2026-03-14T14:47:55.566Z,2026-03-14T14:47:55.566Z,ClaireCruller
2026-03-14T14:47:57.616Z,https://sphereworld.org/redirect/?id=yb-q9hzofa,yb-q9hzofa,2026-03-14T14:47:57.616Z,https://drive.google.com/drive/folders/1dAdNcCaS2KT38LVyx4aCgj7MwffYB0B-,2026-03-14T14:47:57.616Z,2026-03-14T14:47:57.616Z,Cocoa
2026-03-14T14:47:59.635Z,https://sphereworld.org/redirect/?id=567cm8eq6,567cm8eq6,2026-03-14T14:47:59.635Z,https://drive.google.com/drive/folders/1rDZh-quX1ylUSd36qp3Ps4tAkfHR2amq,2026-03-14T14:47:59.635Z,2026-03-14T14:47:59.635Z,Cocoa2
2026-03-14T14:48:01.776Z,https://sphereworld.org/redirect/?id=bup6ar0t-s,bup6ar0t-s,2026-03-14T14:48:01.776Z,https://drive.google.com/drive/folders/1cxDpsLHpMZo68ZlgBcHNIWuf-3-8R5t5,2026-03-14T14:48:01.776Z,2026-03-14T14:48:01.776Z,Cocoa3
2026-03-14T14:48:04.085Z,https://sphereworld.org/redirect/?id=8_n1b31y4v,8_n1b31y4v,2026-03-14T14:48:04.085Z,https://drive.google.com/drive/folders/1LTZd4ZPGy_SVqx5rraKIxGvaeFhG3UQG,2026-03-14T14:48:04.085Z,2026-03-14T14:48:04.085Z,Cocoa4
2026-03-14T14:48:06.507Z,https://sphereworld.org/redirect/?id=zhc3cg8k0h,zhc3cg8k0h,2026-03-14T14:48:06.507Z,https://drive.google.com/drive/folders/1lftd8nWkO1WZRVjslTEHBMKYjceldSiE,2026-03-14T14:48:06.507Z,2026-03-14T14:48:06.507Z,Cocoa6
2026-03-14T14:48:09.388Z,https://sphereworld.org/redirect/?id=lzze7w063z4,lzze7w063z4,2026-03-14T14:48:09.388Z,https://drive.google.com/drive/folders/1Mxxq76x-xfb8_vX90uXupIKfMiLVBSvI,2026-03-14T14:48:09.388Z,2026-03-14T14:48:09.388Z,Cocoa7
2026-03-14T14:48:11.520Z,https://sphereworld.org/redirect/?id=uvsn7my8pv8t,uvsn7my8pv8t,2026-03-14T14:48:11.520Z,https://drive.google.com/drive/folders/1jh-SPHFTJZy5thElW1gp3D1Xg2Rz7CHT,2026-03-14T14:48:11.520Z,2026-03-14T14:48:11.520Z,Cocoa8
2026-03-14T14:48:13.815Z,https://sphereworld.org/redirect/?id=1e8w8_huw5,1e8w8_huw5,2026-03-14T14:48:13.815Z,https://drive.google.com/drive/folders/1XZT5Q5JmqVJVgAcOChiSu1Iz23x0isA1,2026-03-14T14:48:13.815Z,2026-03-14T14:48:13.815Z,GawrGura
2026-03-14T14:48:15.852Z,https://sphereworld.org/redirect/?id=wwjaxooruj,wwjaxooruj,2026-03-14T14:48:15.852Z,https://drive.google.com/drive/folders/1cmn-rtbxkf1Me3Z3xjVID0mNGLDfkdXD,2026-03-14T14:48:15.852Z,2026-03-14T14:48:15.852Z,GawrGura2
2026-03-14T14:48:18.167Z,https://sphereworld.org/redirect/?id=vswc_xp58u2,vswc_xp58u2,2026-03-14T14:48:18.167Z,https://drive.google.com/drive/folders/1YzrLXsBLczD-9HDMNH8ggoaR3hLmHSH1,2026-03-14T14:48:18.167Z,2026-03-14T14:48:18.167Z,GawrGura3
2026-03-14T14:48:20.228Z,https://sphereworld.org/redirect/?id=at58ae_5u4bn,at58ae_5u4bn,2026-03-14T14:48:20.228Z,https://drive.google.com/drive/folders/1UNImXHb7moC0Sw6_N8zzVzJVwRRLuQGe,2026-03-14T14:48:20.228Z,2026-03-14T14:48:20.228Z,GawrGura4
2026-03-14T14:48:22.504Z,https://sphereworld.org/redirect/?id=zp799fbar9,zp799fbar9,2026-03-14T14:48:22.504Z,https://drive.google.com/drive/folders/1IyccYQamg5P90xInb4Dq6E0XDPmWrpaw,2026-03-14T14:48:22.504Z,2026-03-14T14:48:22.504Z,GawrGura5
2026-03-14T15:31:07.749Z,https://sphereworld.org/redirect/?id=iimoxat8zz6c,iimoxat8zz6c,2026-03-14T15:31:07.749Z,https://drive.google.com/drive/folders/1XLUxXVUVakRTz9rguriOnluhvnLXA8pA,2026-03-14T15:31:07.749Z,2026-03-14T15:31:07.749Z,Go-tobun
2026-03-14T14:48:24.528Z,https://sphereworld.org/redirect/?id=kmfm67v3ur,kmfm67v3ur,2026-03-14T14:48:24.528Z,https://drive.google.com/drive/folders/1RluDiWfiTtBka74pcl6iuKeUYb_IY4RO,2026-03-14T14:48:24.528Z,2026-03-14T14:48:24.528Z,HololiveGen3
2026-03-14T14:48:26.799Z,https://sphereworld.org/redirect/?id=a5i3a1thg3_a,a5i3a1thg3_a,2026-03-14T14:48:26.799Z,https://drive.google.com/drive/folders/1fCydfLxjt1hGYR72kJdy7BROJKaIGbk-,2026-03-14T14:48:26.799Z,2026-03-14T14:48:26.799Z,Hololivegen5
2026-03-14T14:48:29.119Z,https://sphereworld.org/redirect/?id=k9pu_m3pm44i,k9pu_m3pm44i,2026-03-14T14:48:29.119Z,https://drive.google.com/drive/folders/1JwowKD1FXKrqsSycL-Q0-Po0BNjDxtqy,2026-03-14T14:48:29.119Z,2026-03-14T14:48:29.119Z,Ina'nis
2026-03-14T14:48:31.401Z,https://sphereworld.org/redirect/?id=77fvwv34z,77fvwv34z,2026-03-14T14:48:31.401Z,https://drive.google.com/drive/folders/1ENuD0V_-0yE9UxKan-6kT6gS3fKLp4WG,2026-03-14T14:48:31.401Z,2026-03-14T14:48:31.401Z,Ina'nis2
2026-03-14T14:48:33.702Z,https://sphereworld.org/redirect/?id=8lf2rt1ge71,8lf2rt1ge71,2026-03-14T14:48:33.702Z,https://drive.google.com/drive/folders/18gyHVqO8lwgXUvJOeZN3-B9naji2j0dN,2026-03-14T14:48:33.702Z,2026-03-14T14:48:33.702Z,Ina'nis3
2026-03-14T14:48:35.995Z,https://sphereworld.org/redirect/?id=j4knxcs4a,j4knxcs4a,2026-03-14T14:48:35.995Z,https://drive.google.com/drive/folders/1xvvszRhGlV7ZeJohCqqCyM_3C3EdAiG3,2026-03-14T14:48:35.995Z,2026-03-14T14:48:35.995Z,Ina'nis4
2026-03-14T15:30:18.297Z,https://sphereworld.org/redirect/?id=rxi5qdykm3ot,rxi5qdykm3ot,2026-03-14T15:30:18.297Z,https://drive.google.com/drive/folders/1ySZ_yOq3SBmLCqEO9oboxla55LP-3pF2,2026-03-14T15:30:18.297Z,2026-03-14T15:30:18.297Z,Iroha3
2026-03-14T15:30:20.699Z,https://sphereworld.org/redirect/?id=cl6r_5cvtig2,cl6r_5cvtig2,2026-03-14T15:30:20.699Z,https://drive.google.com/drive/folders/14mAGx1eTSAfXGTWeUFLNv5c3NGMj_kFC,2026-03-14T15:30:20.699Z,2026-03-14T15:30:20.699Z,Iroha4
2026-03-14T15:30:23.057Z,https://sphereworld.org/redirect/?id=hohguyla7j,hohguyla7j,2026-03-14T15:30:23.057Z,https://drive.google.com/drive/folders/1k5TrfgQlthSY7WUdbhMH93wcvBQ0Z1h2,2026-03-14T15:30:23.057Z,2026-03-14T15:30:23.057Z,Iroha5
2026-03-14T15:31:09.970Z,https://sphereworld.org/redirect/?id=003sglv_2,003sglv_2,2026-03-14T15:31:09.970Z,https://drive.google.com/drive/folders/1XYHD62V7KIUUhzWN-In0yy1F-Kb0d3iy,2026-03-14T15:31:09.970Z,2026-03-14T15:31:09.970Z,ItsukiNakano
2026-03-14T15:31:12.274Z,https://sphereworld.org/redirect/?id=695mbnrw8,695mbnrw8,2026-03-14T15:31:12.274Z,https://drive.google.com/drive/folders/1VzSeqxbp_LiJ6dGR4qybl11PUVArmdah,2026-03-14T15:31:12.274Z,2026-03-14T15:31:12.274Z,ItsukiNakano2
2026-03-14T15:31:14.535Z,https://sphereworld.org/redirect/?id=aawxbji0l8t,aawxbji0l8t,2026-03-14T15:31:14.535Z,https://drive.google.com/drive/folders/1ZzkhnjritPah87-JasqmIGUZzN06W90s,2026-03-14T15:31:14.535Z,2026-03-14T15:31:14.535Z,ItsukiNakano3
2026-03-14T14:48:38.412Z,https://sphereworld.org/redirect/?id=q3ouz-kbdoq,q3ouz-kbdoq,2026-03-14T14:48:38.412Z,https://drive.google.com/drive/folders/1ePYOrybBLtlzvFmYQspZC4lfkkHlVEdn,2026-03-14T14:48:38.412Z,2026-03-14T14:48:38.412Z,KaedeHiguchi
2026-03-14T14:48:40.851Z,https://sphereworld.org/redirect/?id=eyh266uls2mg,eyh266uls2mg,2026-03-14T14:48:40.851Z,https://drive.google.com/drive/folders/1A88i9fRQRWeaSKVdKtXfbuNgd9_6Jm-4,2026-03-14T14:48:40.851Z,2026-03-14T14:48:40.851Z,KaedeHiguchi2
2026-03-14T14:48:43.135Z,https://sphereworld.org/redirect/?id=r3sekbmipi,r3sekbmipi,2026-03-14T14:48:43.135Z,https://drive.google.com/drive/folders/1qtOnhW1-WenWD0MUtZ2JmVBLV0ufYjQ8,2026-03-14T14:48:43.135Z,2026-03-14T14:48:43.135Z,KaedeHiguchi3
2026-03-14T14:48:45.508Z,https://sphereworld.org/redirect/?id=gfx7agbn18,gfx7agbn18,2026-03-14T14:48:45.508Z,https://drive.google.com/drive/folders/1l-9CjAJ2YJRB0QZLHfZRWZfhnIjbrYaC,2026-03-14T14:48:45.508Z,2026-03-14T14:48:45.508Z,KaedeHiguchi4a
2026-03-14T14:48:47.616Z,https://sphereworld.org/redirect/?id=xjpvhkobf8,xjpvhkobf8,2026-03-14T14:48:47.616Z,https://drive.google.com/drive/folders/10AzBYCXBgn3xJVSo6HIDoPPx7sqUoGvG,2026-03-14T14:48:47.616Z,2026-03-14T14:48:47.616Z,KaedeHiguchi4b
2026-03-14T14:48:50.003Z,https://sphereworld.org/redirect/?id=rojf-hpg0lj3,rojf-hpg0lj3,2026-03-14T14:48:50.003Z,https://drive.google.com/drive/folders/1lDAxH5nTCipCAKyIqvnPwYFWl6Iq2ueh,2026-03-14T14:48:50.003Z,2026-03-14T14:48:50.003Z,KaedeYumesaki
2026-03-14T14:48:52.510Z,https://sphereworld.org/redirect/?id=wlebt__dk,wlebt__dk,2026-03-14T14:48:52.510Z,https://drive.google.com/drive/folders/1KZVKfZu7iYamZDG9E8UXWHXCzyNcED3L,2026-03-14T14:48:52.510Z,2026-03-14T14:48:52.510Z,KaedeYumesaki2
2026-03-14T14:48:54.869Z,https://sphereworld.org/redirect/?id=8m-sn0e4vk,8m-sn0e4vk,2026-03-14T14:48:54.869Z,https://drive.google.com/drive/folders/1_jfhn-RaY2wN1TMPCMGa24oSRVj85kj4,2026-03-14T14:48:54.869Z,2026-03-14T14:48:54.869Z,KaedeYumesaki3
2026-03-14T14:48:57.239Z,https://sphereworld.org/redirect/?id=hlfmc5hjq,hlfmc5hjq,2026-03-14T14:48:57.239Z,https://drive.google.com/drive/folders/1yzuS8i78LuofyzV6vHU1nFvzg4m-C8P7,2026-03-14T14:48:57.239Z,2026-03-14T14:48:57.239Z,KaedeYumesaki4
2026-03-14T14:48:59.294Z,https://sphereworld.org/redirect/?id=22depkluoi,22depkluoi,2026-03-14T14:48:59.294Z,https://drive.google.com/drive/folders/10uNT8b0YMYDDyGuiqmzvlYtlfyEQeB2S,2026-03-14T14:48:59.294Z,2026-03-14T14:48:59.294Z,KaedeYumesaki5
2026-03-14T14:49:01.387Z,https://sphereworld.org/redirect/?id=jo447b1bei,jo447b1bei,2026-03-14T14:49:01.387Z,https://drive.google.com/drive/folders/1PDPdpv-CDuB4GJQsfP_DN_oPFbnmWVHA,2026-03-14T14:49:01.387Z,2026-03-14T14:49:01.387Z,KaedeYumesaki6
2026-03-14T14:49:03.423Z,https://sphereworld.org/redirect/?id=j1g8l3gf14,j1g8l3gf14,2026-03-14T14:49:03.423Z,https://drive.google.com/drive/folders/1LTI2vDfiGstdzHyKnVSSS4OoZzI205Ce,2026-03-14T14:49:03.423Z,2026-03-14T14:49:03.423Z,KaedeYumesaki7
2026-03-14T14:49:05.692Z,https://sphereworld.org/redirect/?id=5l_65mpb3,5l_65mpb3,2026-03-14T14:49:05.692Z,https://drive.google.com/drive/folders/1e3QljaVJqWUDfmJ4UgaTMEz9GzlWall-,2026-03-14T14:49:05.692Z,2026-03-14T14:49:05.692Z,KaedeYumesaki8
2026-03-14T14:49:08.016Z,https://sphereworld.org/redirect/?id=oorj-rj9n,oorj-rj9n,2026-03-14T14:49:08.016Z,https://drive.google.com/drive/folders/1jsSCpbIYUJkBiBWIsA6Y9XJUfA03Ln2_,2026-03-14T14:49:08.016Z,2026-03-14T14:49:08.016Z,KaedeYumesaki9a
2026-03-14T14:49:10.384Z,https://sphereworld.org/redirect/?id=o-57fwsrt_9,o-57fwsrt_9,2026-03-14T14:49:10.384Z,https://drive.google.com/drive/folders/1AsXuKMYGvjC1340ORsdNi0yuNU-8Crs5,2026-03-14T14:49:10.384Z,2026-03-14T14:49:10.384Z,KiaraTakanashi
2026-03-14T14:49:12.679Z,https://sphereworld.org/redirect/?id=2x7no955hc,2x7no955hc,2026-03-14T14:49:12.679Z,https://drive.google.com/drive/folders/1wlnSmkAcuQ0pvP1jaoJZHOg1IC7IyTfe,2026-03-14T14:49:12.679Z,2026-03-14T14:49:12.679Z,KiaraTakanashi2
2026-03-14T14:49:15.125Z,https://sphereworld.org/redirect/?id=7wz8k35b3cf,7wz8k35b3cf,2026-03-14T14:49:15.125Z,https://drive.google.com/drive/folders/1HXWY1nbL8APB5SY_HrFu7Qrkk4zLy1YR,2026-03-14T14:49:15.125Z,2026-03-14T14:49:15.125Z,KiaraTakanashi3
2026-03-14T14:49:17.426Z,https://sphereworld.org/redirect/?id=sbpyopsf9,sbpyopsf9,2026-03-14T14:49:17.426Z,https://drive.google.com/drive/folders/1G7QxXwy8P9LC5Ku43pNy8RY4yelnSX3K,2026-03-14T14:49:17.426Z,2026-03-14T14:49:17.426Z,KizunaAI
2026-03-14T14:49:19.705Z,https://sphereworld.org/redirect/?id=pcr2p292z,pcr2p292z,2026-03-14T14:49:19.705Z,https://drive.google.com/drive/folders/1kXzOo7HCiLfbUYT0garyWiwdJsLODk_o,2026-03-14T14:49:19.705Z,2026-03-14T14:49:19.705Z,KizunaAI2
2026-03-14T14:49:28.884Z,https://sphereworld.org/redirect/?id=e-66jmxj6,e-66jmxj6,2026-03-14T14:49:28.884Z,https://drive.google.com/drive/folders/1Geq2t0OvRlvXYXjXbYAeIYh8zUBeHY0x,2026-03-14T14:49:28.884Z,2026-03-14T14:49:28.884Z,KizunaAI6
2026-03-14T14:49:26.567Z,https://sphereworld.org/redirect/?id=gwh8jf8v0,gwh8jf8v0,2026-03-14T14:49:26.567Z,https://drive.google.com/drive/folders/1yPSmjWvdaG6zpMxBEVLJubDIt3aSKn64,2026-03-14T14:49:26.567Z,2026-03-14T14:49:26.567Z,KizunaAi5
2026-03-14T14:49:21.992Z,https://sphereworld.org/redirect/?id=y6okt5xe41f,y6okt5xe41f,2026-03-14T14:49:21.992Z,https://drive.google.com/drive/folders/1DStjT7RZQqj22Z34IyBaiGCidH7j1Yll,2026-03-14T14:49:21.992Z,2026-03-14T14:49:21.992Z,Kizunaai3
2026-03-14T14:49:33.182Z,https://sphereworld.org/redirect/?id=dc6n5clgkzd,dc6n5clgkzd,2026-03-14T14:49:33.182Z,https://drive.google.com/drive/folders/1laHLk3DgyBktzYNKagiOiFtGUqTEzv-x,2026-03-14T14:49:33.182Z,2026-03-14T14:49:33.182Z,KoroneInugami2
2026-03-14T14:49:35.259Z,https://sphereworld.org/redirect/?id=uvtv0zq1f,uvtv0zq1f,2026-03-14T14:49:35.259Z,https://drive.google.com/drive/folders/1Qy7jO8idyZn6dtoJx1ZZgD0lSZXm70ol,2026-03-14T14:49:35.259Z,2026-03-14T14:49:35.259Z,Lamy
2026-03-14T14:49:37.603Z,https://sphereworld.org/redirect/?id=g705n4-mn8,g705n4-mn8,2026-03-14T14:49:37.603Z,https://drive.google.com/drive/folders/1-HnfrXszjauztBx8-fEY1DtBlDBH5MFa,2026-03-14T14:49:37.603Z,2026-03-14T14:49:37.603Z,Lamy2
2026-03-14T14:49:39.964Z,https://sphereworld.org/redirect/?id=0v-mj6shby4s,0v-mj6shby4s,2026-03-14T14:49:39.964Z,https://drive.google.com/drive/folders/1Vdi231VtHVB10KzEf7RXidRO_BHEBzvm,2026-03-14T14:49:39.964Z,2026-03-14T14:49:39.964Z,Lamy3
2026-03-14T14:49:42.226Z,https://sphereworld.org/redirect/?id=1nd8zrkddr,1nd8zrkddr,2026-03-14T14:49:42.226Z,https://drive.google.com/drive/folders/14YEUwRM0J6dDp5_Ui5EnHiZ94IOXe5f7,2026-03-14T14:49:42.226Z,2026-03-14T14:49:42.226Z,Lamy4
2026-03-14T14:49:44.197Z,https://sphereworld.org/redirect/?id=wtep0ifa6_gf,wtep0ifa6_gf,2026-03-14T14:49:44.197Z,https://drive.google.com/drive/folders/185OM8-u8gSoQFFuoB8snj_MJKKTgI5Ef,2026-03-14T14:49:44.197Z,2026-03-14T14:49:44.197Z,Lamy5
2026-03-14T14:49:46.564Z,https://sphereworld.org/redirect/?id=vit0t9jav5f3,vit0t9jav5f3,2026-03-14T14:49:46.564Z,https://drive.google.com/drive/folders/1VTdsCH2Mr_ie6s1-G-DOsM_ghIFIaiC8,2026-03-14T14:49:46.564Z,2026-03-14T14:49:46.564Z,Lamy6
2026-03-14T14:49:48.852Z,https://sphereworld.org/redirect/?id=w4fstew8b,w4fstew8b,2026-03-14T14:49:48.852Z,https://drive.google.com/drive/folders/1nDfsDtdxhWkPEAR5K8EIrhFQs6qlU2wB,2026-03-14T14:49:48.852Z,2026-03-14T14:49:48.852Z,LizeHelesta
2026-03-14T14:49:51.116Z,https://sphereworld.org/redirect/?id=0qf4mxlo17,0qf4mxlo17,2026-03-14T14:49:51.116Z,https://drive.google.com/drive/folders/186MGMqc6oRUszu32AqmJDLSLI03_Z3_l,2026-03-14T14:49:51.116Z,2026-03-14T14:49:51.116Z,LizeHelesta2
2026-03-14T14:49:53.459Z,https://sphereworld.org/redirect/?id=e3ci_55h5,e3ci_55h5,2026-03-14T14:49:53.459Z,https://drive.google.com/drive/folders/1eTUGdnMqhOLi4c27hM96BJBlR8ZMIsqK,2026-03-14T14:49:53.459Z,2026-03-14T14:49:53.459Z,LizeHelesta3
2026-03-14T14:49:55.430Z,https://sphereworld.org/redirect/?id=opn6dn677l,opn6dn677l,2026-03-14T14:49:55.430Z,https://drive.google.com/drive/folders/1k7wvRD10ITm7l5uueDTQfdQa4EwEAqD1,2026-03-14T14:49:55.430Z,2026-03-14T14:49:55.430Z,LizeHelesta4
2026-03-14T14:49:57.787Z,https://sphereworld.org/redirect/?id=cjte8cm556,cjte8cm556,2026-03-14T14:49:57.787Z,https://drive.google.com/drive/folders/10T1zJFYrbiT8tNca1TJXWPzho4tQ2qwJ,2026-03-14T14:49:57.787Z,2026-03-14T14:49:57.787Z,LizeHelesta5
2026-03-14T14:49:59.802Z,https://sphereworld.org/redirect/?id=yn251_qn4qk,yn251_qn4qk,2026-03-14T14:49:59.802Z,https://drive.google.com/drive/folders/1ifCDNN37tPwpKDBA0SHtfjOdcOK_FkFF,2026-03-14T14:49:59.802Z,2026-03-14T14:49:59.802Z,LizeHelesta6a
2026-03-14T14:50:02.165Z,https://sphereworld.org/redirect/?id=zjlgi000v,zjlgi000v,2026-03-14T14:50:02.165Z,https://drive.google.com/drive/folders/1gA_H-4wzCK6nXgQsfCGqXi86KTl4LCmm,2026-03-14T14:50:02.165Z,2026-03-14T14:50:02.165Z,LizeHelesta6b
2026-03-14T14:50:04.531Z,https://sphereworld.org/redirect/?id=wt05ncix7,wt05ncix7,2026-03-14T14:50:04.531Z,https://drive.google.com/drive/folders/1jmznIt8UUG0OC8Wacq4d4m3xPZX8Ki4D,2026-03-14T14:50:04.531Z,2026-03-14T14:50:04.531Z,Lulu
2026-03-14T14:50:06.977Z,https://sphereworld.org/redirect/?id=yzo9iy5ma3,yzo9iy5ma3,2026-03-14T14:50:06.977Z,https://drive.google.com/drive/folders/1ibl5nZRRm6HaegAxL15OTI08t4RlLRhu,2026-03-14T14:50:06.977Z,2026-03-14T14:50:06.977Z,Lulu2
2026-03-14T14:50:09.120Z,https://sphereworld.org/redirect/?id=zm_dx1gyxdus,zm_dx1gyxdus,2026-03-14T14:50:09.120Z,https://drive.google.com/drive/folders/1JrmvQaB_Z8MrioPZwzphHJdzXRj4-Aqg,2026-03-14T14:50:09.120Z,2026-03-14T14:50:09.120Z,Lulu3
2026-03-14T14:50:11.491Z,https://sphereworld.org/redirect/?id=txtwjrv0b,txtwjrv0b,2026-03-14T14:50:11.491Z,https://drive.google.com/drive/folders/11xWLL9uZL_UA5aunlAZPVW6dCsUJ_h04,2026-03-14T14:50:11.491Z,2026-03-14T14:50:11.491Z,Lulu4
2026-03-14T14:50:13.881Z,https://sphereworld.org/redirect/?id=2fi8pmw_gdr0,2fi8pmw_gdr0,2026-03-14T14:50:13.881Z,https://drive.google.com/drive/folders/1KoXuA2MTphgu426KCha3k0eDA2vo2vNT,2026-03-14T14:50:13.881Z,2026-03-14T14:50:13.881Z,Lulu6
2026-03-14T14:50:15.865Z,https://sphereworld.org/redirect/?id=j-2ro231i,j-2ro231i,2026-03-14T14:50:15.865Z,https://drive.google.com/drive/folders/1USKsBCvIyBQyiaoQpvI9N8D6EfeDgQyK,2026-03-14T14:50:15.865Z,2026-03-14T14:50:15.865Z,Lulu7
2026-03-14T14:50:18.192Z,https://sphereworld.org/redirect/?id=v4i3ah2ir3,v4i3ah2ir3,2026-03-14T14:50:18.192Z,https://drive.google.com/drive/folders/1cAL9cBw63w3lpW5gDmcY1_H_mr-YYHPE,2026-03-14T14:50:18.192Z,2026-03-14T14:50:18.192Z,Lulu8
2026-03-14T14:50:20.644Z,https://sphereworld.org/redirect/?id=nfihzp51hze,nfihzp51hze,2026-03-14T14:50:20.644Z,https://drive.google.com/drive/folders/1F9Q_4sr9pvHeQD9PCo__0tmgEssqJH3n,2026-03-14T14:50:20.644Z,2026-03-14T14:50:20.644Z,Lulu9
2026-03-14T14:50:23.004Z,https://sphereworld.org/redirect/?id=4hxditum7,4hxditum7,2026-03-14T14:50:23.004Z,https://drive.google.com/drive/folders/1db-cM6cUntEijxH_DNQO3psN9TgRTZ9o,2026-03-14T14:50:23.004Z,2026-03-14T14:50:23.004Z,MarinHousyou
2026-03-14T14:50:24.983Z,https://sphereworld.org/redirect/?id=dtkpzb1xbv,dtkpzb1xbv,2026-03-14T14:50:24.983Z,https://drive.google.com/drive/folders/18vNPKlxbL2cykcmTjLqAxF0h96_pJci4,2026-03-14T14:50:24.983Z,2026-03-14T14:50:24.983Z,MarinHousyou2
2026-03-14T14:50:27.288Z,https://sphereworld.org/redirect/?id=2lekpsa_hn,2lekpsa_hn,2026-03-14T14:50:27.288Z,https://drive.google.com/drive/folders/1CYs208KNayj0hOseSELfCsZE9RQFSOyf,2026-03-14T14:50:27.288Z,2026-03-14T14:50:27.288Z,MarinHousyou3
2026-03-14T14:50:29.391Z,https://sphereworld.org/redirect/?id=h0wpg15x0zm,h0wpg15x0zm,2026-03-14T14:50:29.391Z,https://drive.google.com/drive/folders/1UQf0yH4Cin3Uz6djbRsFw-BlNE0wr-9N,2026-03-14T14:50:29.391Z,2026-03-14T14:50:29.391Z,MarinHousyou4
2026-03-14T15:28:30.105Z,https://sphereworld.org/redirect/?id=54pankzzgf,54pankzzgf,2026-03-14T15:28:30.105Z,https://drive.google.com/drive/folders/10bjEfQJ47DbM-psN0TS1OTF10PvnvJp4,2026-03-14T15:28:30.105Z,2026-03-14T15:28:30.105Z,MarinKitagawa
2026-03-14T15:28:32.239Z,https://sphereworld.org/redirect/?id=rk7_08eju,rk7_08eju,2026-03-14T15:28:32.239Z,https://drive.google.com/drive/folders/1tQUeHxhNBtB0_wGKGwlHJllXSGKPMTTT,2026-03-14T15:28:32.239Z,2026-03-14T15:28:32.239Z,MarinKitagawa2
2026-03-14T15:28:34.331Z,https://sphereworld.org/redirect/?id=6g0we9qek5b,6g0we9qek5b,2026-03-14T15:28:34.331Z,https://drive.google.com/drive/folders/1rIgpRdxZlVHtXy4Ag6ZVHU_sBKBZUD8U,2026-03-14T15:28:34.331Z,2026-03-14T15:28:34.331Z,MarinKitagawa3
2026-03-14T15:28:36.357Z,https://sphereworld.org/redirect/?id=q7u1you_gwg,q7u1you_gwg,2026-03-14T15:28:36.357Z,https://drive.google.com/drive/folders/14U_nlFvFaI2bZ9NujMteEZwKzmwObHt0,2026-03-14T15:28:36.357Z,2026-03-14T15:28:36.357Z,MarinKitagawa4
2026-03-14T15:28:38.680Z,https://sphereworld.org/redirect/?id=ra17fhywo,ra17fhywo,2026-03-14T15:28:38.680Z,https://drive.google.com/drive/folders/1YA6nLNnFufj6pJ4lYxHursIzUscFBXv7,2026-03-14T15:28:38.680Z,2026-03-14T15:28:38.680Z,MarinKitagawa5
2026-03-14T15:28:40.688Z,https://sphereworld.org/redirect/?id=nzxt_-nn-eu,nzxt_-nn-eu,2026-03-14T15:28:40.688Z,https://drive.google.com/drive/folders/1aWdVt_3fKFR5h0xb8KWayciJTG8JfKln,2026-03-14T15:28:40.688Z,2026-03-14T15:28:40.688Z,MarinKitagawa6
2026-03-14T14:50:31.504Z,https://sphereworld.org/redirect/?id=em55kg0tayz1,em55kg0tayz1,2026-03-14T14:50:31.504Z,https://drive.google.com/drive/folders/1Um14X0nSGQ13D_EzTjqLbu9lekZUjpRN,2026-03-14T14:50:31.504Z,2026-03-14T14:50:31.504Z,MarinRushia
2026-03-14T14:50:33.898Z,https://sphereworld.org/redirect/?id=7rhxnvjg0b7,7rhxnvjg0b7,2026-03-14T14:50:33.898Z,https://drive.google.com/drive/folders/1cq2rRUycFAlU1axXHGnhjSypiShglX2b,2026-03-14T14:50:33.898Z,2026-03-14T14:50:33.898Z,Matsuri
2026-03-14T14:50:36.274Z,https://sphereworld.org/redirect/?id=g1eokyark,g1eokyark,2026-03-14T14:50:36.274Z,https://drive.google.com/drive/folders/1A5OHTe2PsbN4H4hQB5ecdZXagQkhF6MX,2026-03-14T14:50:36.274Z,2026-03-14T14:50:36.274Z,Matsuri2
2026-03-14T14:50:38.498Z,https://sphereworld.org/redirect/?id=89ep1z7gzf,89ep1z7gzf,2026-03-14T14:50:38.498Z,https://drive.google.com/drive/folders/1bIakHV2IbIoG9BbluuYYr0mUbfVLXP0I,2026-03-14T14:50:38.498Z,2026-03-14T14:50:38.498Z,Matsuri3
2026-03-14T15:32:34.932Z,https://sphereworld.org/redirect/?id=kz81fzao6r,kz81fzao6r,2026-03-14T15:32:34.932Z,https://drive.google.com/drive/folders/1A3Q1A5iYg_d91RP0LBbgI2_jY2aqF5p-,2026-03-14T15:32:34.932Z,2026-03-14T15:32:34.932Z,MikotoMisaka4
2026-03-14T15:31:16.940Z,https://sphereworld.org/redirect/?id=2jpn3v4fy848,2jpn3v4fy848,2026-03-14T15:31:16.940Z,https://drive.google.com/drive/folders/1j_WNQdrmI8Nf-J1BsmwKpovTkhBCK_9J,2026-03-14T15:31:16.940Z,2026-03-14T15:31:16.940Z,MikuNakano
2026-03-14T15:31:19.787Z,https://sphereworld.org/redirect/?id=v1z-0fx_at4,v1z-0fx_at4,2026-03-14T15:31:19.787Z,https://drive.google.com/drive/folders/1lS5h_X50XZ8TKtmTViDBSjC1KLUB75NI,2026-03-14T15:31:19.787Z,2026-03-14T15:31:19.787Z,MikuNakano2
2026-03-14T15:31:21.762Z,https://sphereworld.org/redirect/?id=hzqtz7lcd,hzqtz7lcd,2026-03-14T15:31:21.762Z,https://drive.google.com/drive/folders/1_Kp2BU87Pq5rw9ZHknbn1L7lw1db1Rfu,2026-03-14T15:31:21.762Z,2026-03-14T15:31:21.762Z,MikuNakano3
2026-03-14T15:31:24.025Z,https://sphereworld.org/redirect/?id=hp8kfurpcerg,hp8kfurpcerg,2026-03-14T15:31:24.025Z,https://drive.google.com/drive/folders/1y_pyLfL7seu45R3EOuBE16L6UH41c8Wz,2026-03-14T15:31:24.025Z,2026-03-14T15:31:24.025Z,MikuNakano4
2026-03-14T15:32:39.068Z,https://sphereworld.org/redirect/?id=n3kvfd9jisu,n3kvfd9jisu,2026-03-14T15:32:39.068Z,https://drive.google.com/drive/folders/1CwPje8my8eCzb_wh_Rk827OujMBgkky1,2026-03-14T15:32:39.068Z,2026-03-14T15:32:39.068Z,Misaka2
2026-03-14T15:32:43.637Z,https://sphereworld.org/redirect/?id=zh9byy9ra7,zh9byy9ra7,2026-03-14T15:32:43.637Z,https://drive.google.com/drive/folders/1qGObl1DJi3inwZWKRc3-XzUlpFq0HWR9,2026-03-14T15:32:43.637Z,2026-03-14T15:32:43.637Z,Misaka3
2026-03-14T15:32:46.074Z,https://sphereworld.org/redirect/?id=wpz9d7gkm,wpz9d7gkm,2026-03-14T15:32:46.074Z,https://drive.google.com/drive/folders/1olE72cExnN15Il3Sjj4pJLwoahD7U6D8,2026-03-14T15:32:46.074Z,2026-03-14T15:32:46.074Z,MisakiShokuhou
2026-03-14T15:32:48.074Z,https://sphereworld.org/redirect/?id=fp13q8o508,fp13q8o508,2026-03-14T15:32:48.074Z,https://drive.google.com/drive/folders/1454-uXEaB_YE9JSWgDhUz4aPNsVmsp_g,2026-03-14T15:32:48.074Z,2026-03-14T15:32:48.074Z,MisakiShokuhou2
2026-03-14T15:32:50.131Z,https://sphereworld.org/redirect/?id=zc40z42c5ssc,zc40z42c5ssc,2026-03-14T15:32:50.131Z,https://drive.google.com/drive/folders/1pqu7jRcdvDBQfR5mhclQaTqJ9MWMb7hN,2026-03-14T15:32:50.131Z,2026-03-14T15:32:50.131Z,MisakiShokuhou3
2026-03-14T14:50:40.875Z,https://sphereworld.org/redirect/?id=0gq_fbmrvy,0gq_fbmrvy,2026-03-14T14:50:40.875Z,https://drive.google.com/drive/folders/1YMDKuIyXZ5kpd0hfCrRL5mhp-0X7tPCp,2026-03-14T14:50:40.875Z,2026-03-14T14:50:40.875Z,MoriCalliope
2026-03-14T14:50:42.945Z,https://sphereworld.org/redirect/?id=j4y1jth6b3,j4y1jth6b3,2026-03-14T14:50:42.945Z,https://drive.google.com/drive/folders/1PytmhCIxfMBJG1DnbPCdT41crnH8FKXb,2026-03-14T14:50:42.945Z,2026-03-14T14:50:42.945Z,MoriCalliope2
2026-03-14T14:50:45.205Z,https://sphereworld.org/redirect/?id=zlyofvd4q-w,zlyofvd4q-w,2026-03-14T14:50:45.205Z,https://drive.google.com/drive/folders/1PA6D4b9mXwZ0cLjN_rBC1-bVhfw4GDYI,2026-03-14T14:50:45.205Z,2026-03-14T14:50:45.205Z,MoriCalliope3
2026-03-14T14:50:47.519Z,https://sphereworld.org/redirect/?id=16l9lvxbiq5,16l9lvxbiq5,2026-03-14T14:50:47.519Z,https://drive.google.com/drive/folders/1SfY4E7psyljGy5ZXlxx6pYXNBvJmT4Mi,2026-03-14T14:50:47.519Z,2026-03-14T14:50:47.519Z,MoriCalliope4
2026-03-14T14:50:49.505Z,https://sphereworld.org/redirect/?id=skf_nobaqf,skf_nobaqf,2026-03-14T14:50:49.505Z,https://drive.google.com/drive/folders/1yCsZ_CYNJfVkY9b0yiQxcTnFlSmeqQte,2026-03-14T14:50:49.505Z,2026-03-14T14:50:49.505Z,MoriCalliope5
2026-03-14T14:50:51.798Z,https://sphereworld.org/redirect/?id=i6suua3svyv,i6suua3svyv,2026-03-14T14:50:51.798Z,https://drive.google.com/drive/folders/1I51pVGE2NcHE2fhriiY7KYfavo01gNM4,2026-03-14T14:50:51.798Z,2026-03-14T14:50:51.798Z,MumeiNanashi
2026-03-14T14:50:53.870Z,https://sphereworld.org/redirect/?id=ua33zhrha7,ua33zhrha7,2026-03-14T14:50:53.870Z,https://drive.google.com/drive/folders/1Q99J2n6ahRZvcZS6BgXLcdCRU384l2NN,2026-03-14T14:50:53.870Z,2026-03-14T14:50:53.870Z,MumeiNanashi2
2026-03-14T14:50:56.292Z,https://sphereworld.org/redirect/?id=89eglu3z1b8i,89eglu3z1b8i,2026-03-14T14:50:56.292Z,https://drive.google.com/drive/folders/1kAe4mBeU18KSUGnZOSoX3ve6ebpESgwz,2026-03-14T14:50:56.292Z,2026-03-14T14:50:56.292Z,MumeiNanashi3
2026-03-14T15:31:28.272Z,https://sphereworld.org/redirect/?id=uy92htghwak2,uy92htghwak2,2026-03-14T15:31:28.272Z,https://drive.google.com/drive/folders/1_mWeiV1axIsbcidXRHpbbeeWJt6aMO44,2026-03-14T15:31:28.272Z,2026-03-14T15:31:28.272Z,NInoNakano2
2026-03-14T15:31:30.691Z,https://sphereworld.org/redirect/?id=nx3a3mn1a6s,nx3a3mn1a6s,2026-03-14T15:31:30.691Z,https://drive.google.com/drive/folders/1AFe2va5VZKjh0zY0MSxRinEnUKvTC65r,2026-03-14T15:31:30.691Z,2026-03-14T15:31:30.691Z,NInoNakano3
2026-03-14T15:31:25.978Z,https://sphereworld.org/redirect/?id=ri3p_uq6s21,ri3p_uq6s21,2026-03-14T15:31:25.978Z,https://drive.google.com/drive/folders/1Lj3433HyfYsqNhau6qf-gDHxsTa9nDZm,2026-03-14T15:31:25.978Z,2026-03-14T15:31:25.978Z,NinoNakano
2026-03-14T14:50:58.651Z,https://sphereworld.org/redirect/?id=571cs-039d48,571cs-039d48,2026-03-14T14:50:58.651Z,https://drive.google.com/drive/folders/1c4JD0U_XgjRxLxtvi9UNV5-jSUDRJAmo,2026-03-14T14:50:58.651Z,2026-03-14T14:50:58.651Z,Noel2
2026-03-14T14:51:01.007Z,https://sphereworld.org/redirect/?id=5ru_wd32o,5ru_wd32o,2026-03-14T14:51:01.007Z,https://drive.google.com/drive/folders/1LW4eNsZMBCgKoZqZJliAHhhC1n4dvgr-,2026-03-14T14:51:01.007Z,2026-03-14T14:51:01.007Z,Noel3
2026-03-14T14:51:03.128Z,https://sphereworld.org/redirect/?id=ix1scyywg,ix1scyywg,2026-03-14T14:51:03.128Z,https://drive.google.com/drive/folders/15PeDtcpRXrWgCJT0Pa5k78a5TK6OARdp,2026-03-14T14:51:03.128Z,2026-03-14T14:51:03.128Z,Noel4
2026-03-14T14:51:05.502Z,https://sphereworld.org/redirect/?id=k94zmh4v1ayb,k94zmh4v1ayb,2026-03-14T14:51:05.502Z,https://drive.google.com/drive/folders/1b3iWkT6V30rubsI7YGdK0r8uq3kmIjm4,2026-03-14T14:51:05.502Z,2026-03-14T14:51:05.502Z,Noel5
2026-03-14T14:51:07.916Z,https://sphereworld.org/redirect/?id=km1cnl9zsngs,km1cnl9zsngs,2026-03-14T14:51:07.916Z,https://drive.google.com/drive/folders/1tN96qcgWajR0XBdF32R2TalPJStudOJ6,2026-03-14T14:51:07.916Z,2026-03-14T14:51:07.916Z,Noel6
2026-03-14T14:51:10.196Z,https://sphereworld.org/redirect/?id=kwa22_j939,kwa22_j939,2026-03-14T14:51:10.196Z,https://drive.google.com/drive/folders/1vZtPQb6iUdqcQ7_7nfvPWm4fUMRLtpjX,2026-03-14T14:51:10.196Z,2026-03-14T14:51:10.196Z,Noel7
2026-03-14T14:51:12.514Z,https://sphereworld.org/redirect/?id=7-jeh0fr_u58,7-jeh0fr_u58,2026-03-14T14:51:12.514Z,https://drive.google.com/drive/folders/16Xu-unHh1yLTXwp_H1k1TldnCv0dOrYl,2026-03-14T14:51:12.514Z,2026-03-14T14:51:12.514Z,Noel8
2026-03-14T14:51:14.857Z,https://sphereworld.org/redirect/?id=8e4otcb90a1w,8e4otcb90a1w,2026-03-14T14:51:14.857Z,https://drive.google.com/drive/folders/1ou_IRgAhbqgPFo2Iz3jqcLuVjT6mT1x1,2026-03-14T14:51:14.857Z,2026-03-14T14:51:14.857Z,NoelShirogane
2026-03-14T14:51:17.135Z,https://sphereworld.org/redirect/?id=q291ukzs9,q291ukzs9,2026-03-14T14:51:17.135Z,https://drive.google.com/drive/folders/1RhdurEGq9QChMJWVHzXh7_KTow1FFtzi,2026-03-14T14:51:17.135Z,2026-03-14T14:51:17.135Z,Pekora
2026-03-14T14:51:19.137Z,https://sphereworld.org/redirect/?id=pu_qinv3jb,pu_qinv3jb,2026-03-14T14:51:19.137Z,https://drive.google.com/drive/folders/1L20FKaPe6zMQz56M-yfHXLZ48liTcFje,2026-03-14T14:51:19.137Z,2026-03-14T14:51:19.137Z,Pekora2
2026-03-14T14:51:21.472Z,https://sphereworld.org/redirect/?id=53f3amdsi5,53f3amdsi5,2026-03-14T14:51:21.472Z,https://drive.google.com/drive/folders/1iig0KWXN0XzLudJ3VUqv39YOjFJY_AZk,2026-03-14T14:51:21.472Z,2026-03-14T14:51:21.472Z,Pekora3
2026-03-14T14:51:23.485Z,https://sphereworld.org/redirect/?id=9uppo3npa,9uppo3npa,2026-03-14T14:51:23.485Z,https://drive.google.com/drive/folders/14OatIX50b4iKOU_eJ3xbazuS4WmMP_UG,2026-03-14T14:51:23.485Z,2026-03-14T14:51:23.485Z,Pekora4
2026-03-14T14:51:25.534Z,https://sphereworld.org/redirect/?id=z2no1rxmw6l,z2no1rxmw6l,2026-03-14T14:51:25.534Z,https://drive.google.com/drive/folders/12uBI51L7w_5OFW10aDOc2zMa8mwYaT23,2026-03-14T14:51:25.534Z,2026-03-14T14:51:25.534Z,Pekora5
2026-03-14T14:51:27.865Z,https://sphereworld.org/redirect/?id=bja17_1x3,bja17_1x3,2026-03-14T14:51:27.865Z,https://drive.google.com/drive/folders/1yvZa2UJZkVFlnD0ybqfuFfgSMxWwqZPc,2026-03-14T14:51:27.865Z,2026-03-14T14:51:27.865Z,PolkaOmaru
2026-03-14T14:51:30.004Z,https://sphereworld.org/redirect/?id=3qwihh7on3,3qwihh7on3,2026-03-14T14:51:30.004Z,https://drive.google.com/drive/folders/1IJgY2wcdBrRSRSgIjmmhJf7lmSNuBBUp,2026-03-14T14:51:30.004Z,2026-03-14T14:51:30.004Z,PorukaOmaru2
2026-03-14T15:29:49.364Z,https://sphereworld.org/redirect/?id=vne_dy6ccm,vne_dy6ccm,2026-03-14T15:29:49.364Z,https://drive.google.com/drive/folders/18Q5HcPJvtvjzY_x4Xda-27fWHvvX10h5,2026-03-14T15:29:49.364Z,2026-03-14T15:29:49.364Z,RikkaTakarada
2026-03-14T15:29:51.654Z,https://sphereworld.org/redirect/?id=rmlv3cy6l,rmlv3cy6l,2026-03-14T15:29:51.654Z,https://drive.google.com/drive/folders/1n9InSaZHL4CrYtjvZG7DDUA0ma3sPvvH,2026-03-14T15:29:51.654Z,2026-03-14T15:29:51.654Z,RikkaTakarada2
2026-03-14T15:29:53.930Z,https://sphereworld.org/redirect/?id=ll74esem9pzj,ll74esem9pzj,2026-03-14T15:29:53.930Z,https://drive.google.com/drive/folders/1HVNjzw-I0aaai-CMDnXv4ERbK_F5aiMR,2026-03-14T15:29:53.930Z,2026-03-14T15:29:53.930Z,RikkaTakarada3
2026-03-14T14:51:32.385Z,https://sphereworld.org/redirect/?id=ylrf-oa8288,ylrf-oa8288,2026-03-14T14:51:32.385Z,https://drive.google.com/drive/folders/1vr20bO7Ta9YmS-YnjUsEGLjjfDmWloew,2026-03-14T14:51:32.385Z,2026-03-14T14:51:32.385Z,Rushia
2026-03-14T14:51:34.686Z,https://sphereworld.org/redirect/?id=j_7flnqag,j_7flnqag,2026-03-14T14:51:34.686Z,https://drive.google.com/drive/folders/1P-1s86D7OY5pgt0XF2VNrGrLX5t1fL_P,2026-03-14T14:51:34.686Z,2026-03-14T14:51:34.686Z,Rushia10
2026-03-14T14:51:36.967Z,https://sphereworld.org/redirect/?id=qoqj5uvj8us,qoqj5uvj8us,2026-03-14T14:51:36.967Z,https://drive.google.com/drive/folders/12EgenFTis4jJoDUPnJ40c1nQ1n5tg6od,2026-03-14T14:51:36.967Z,2026-03-14T14:51:36.967Z,Rushia2
2026-03-14T14:51:39.278Z,https://sphereworld.org/redirect/?id=wf4_disf1,wf4_disf1,2026-03-14T14:51:39.278Z,https://drive.google.com/drive/folders/1wQDLBj4H_CaKEiKws2cWWQUKJEphHlOB,2026-03-14T14:51:39.278Z,2026-03-14T14:51:39.278Z,Rushia3
2026-03-14T14:51:41.284Z,https://sphereworld.org/redirect/?id=5ryez9tcfbxy,5ryez9tcfbxy,2026-03-14T14:51:41.284Z,https://drive.google.com/drive/folders/1m921GIxe-RDIHPmVwSQa3zya5WpZnAQn,2026-03-14T14:51:41.284Z,2026-03-14T14:51:41.284Z,Rushia4
2026-03-14T14:51:43.602Z,https://sphereworld.org/redirect/?id=mc507ojic,mc507ojic,2026-03-14T14:51:43.602Z,https://drive.google.com/drive/folders/1X_qVYjlKStZZgqT2m9ZGaQu4HEjVp8Wq,2026-03-14T14:51:43.602Z,2026-03-14T14:51:43.602Z,Rushia5
2026-03-14T14:51:45.930Z,https://sphereworld.org/redirect/?id=2x80gp-tuook,2x80gp-tuook,2026-03-14T14:51:45.930Z,https://drive.google.com/drive/folders/1xFOVhotT3KrL9vlSX4vNnTeHinuZ7J4V,2026-03-14T14:51:45.930Z,2026-03-14T14:51:45.930Z,Rushia6
2026-03-14T14:51:48.247Z,https://sphereworld.org/redirect/?id=0ft7-mpdg1cj,0ft7-mpdg1cj,2026-03-14T14:51:48.247Z,https://drive.google.com/drive/folders/1w3SRIzbv7rUDGCsGiqbhdGw4ulnFYAm-,2026-03-14T14:51:48.247Z,2026-03-14T14:51:48.247Z,Rushia7
2026-03-14T14:51:50.344Z,https://sphereworld.org/redirect/?id=if73phxjz6t,if73phxjz6t,2026-03-14T14:51:50.344Z,https://drive.google.com/drive/folders/1VQp1DjVPoqSzRdsK8PlpDDEGpRVjrCft,2026-03-14T14:51:50.344Z,2026-03-14T14:51:50.344Z,Rushia8
2026-03-14T14:51:52.663Z,https://sphereworld.org/redirect/?id=e2w2goib2g3d,e2w2goib2g3d,2026-03-14T14:51:52.663Z,https://drive.google.com/drive/folders/1TuBDltpuc_AdvMphSdYgiY3eJ1R305nj,2026-03-14T14:51:52.663Z,2026-03-14T14:51:52.663Z,Rushia9
2026-03-14T15:31:49.235Z,https://sphereworld.org/redirect/?id=59zr38o6a,59zr38o6a,2026-03-14T15:31:49.235Z,https://drive.google.com/drive/folders/1Stii6N64IQgG0JnZPHRhZ6j983nhBxIC,2026-03-14T15:31:49.235Z,2026-03-14T15:31:49.235Z,Ryza
2026-03-14T15:31:51.263Z,https://sphereworld.org/redirect/?id=3cbs8k8h7l,3cbs8k8h7l,2026-03-14T15:31:51.263Z,https://drive.google.com/drive/folders/1E3wiC3Uv66FE6Tk6p962FsqOdWR6u-p1,2026-03-14T15:31:51.263Z,2026-03-14T15:31:51.263Z,Ryza10
2026-03-14T15:31:53.486Z,https://sphereworld.org/redirect/?id=ilctnyfh4,ilctnyfh4,2026-03-14T15:31:53.486Z,https://drive.google.com/drive/folders/1IbhcEA-r_R94a2B-arXgIQz1-Q4w8OG7,2026-03-14T15:31:53.486Z,2026-03-14T15:31:53.486Z,Ryza11
2026-03-14T15:31:55.553Z,https://sphereworld.org/redirect/?id=st_857ab5q,st_857ab5q,2026-03-14T15:31:55.553Z,https://drive.google.com/drive/folders/1jB7QjdtU8H7BN1hAM5a5YTvX7lTHBMnb,2026-03-14T15:31:55.553Z,2026-03-14T15:31:55.553Z,Ryza12
2026-03-14T15:31:57.735Z,https://sphereworld.org/redirect/?id=9ixdw74qo,9ixdw74qo,2026-03-14T15:31:57.735Z,https://drive.google.com/drive/folders/1wBUgcxWlCp4M6Lc-A9ojsbKezMWGtugq,2026-03-14T15:31:57.735Z,2026-03-14T15:31:57.735Z,Ryza13
2026-03-14T15:31:59.719Z,https://sphereworld.org/redirect/?id=89iotm5egj9,89iotm5egj9,2026-03-14T15:31:59.719Z,https://drive.google.com/drive/folders/1E_scIS1sMLMmUKz-r5BWzqsXV-BEdFe2,2026-03-14T15:31:59.719Z,2026-03-14T15:31:59.719Z,Ryza14
2026-03-14T15:32:02.041Z,https://sphereworld.org/redirect/?id=z2qq3wjz8,z2qq3wjz8,2026-03-14T15:32:02.041Z,https://drive.google.com/drive/folders/1zRkC8oe6geoF0XfWRHuwZt6S46I5iztB,2026-03-14T15:32:02.041Z,2026-03-14T15:32:02.041Z,Ryza15
2026-03-14T15:32:04.169Z,https://sphereworld.org/redirect/?id=8v_d3ukno0,8v_d3ukno0,2026-03-14T15:32:04.169Z,https://drive.google.com/drive/folders/1XqLfdb-qsJcbHVOy3btI1waFl50mHZQm,2026-03-14T15:32:04.169Z,2026-03-14T15:32:04.169Z,Ryza16
2026-03-14T15:32:06.343Z,https://sphereworld.org/redirect/?id=lzsg9dvoi0,lzsg9dvoi0,2026-03-14T15:32:06.343Z,https://drive.google.com/drive/folders/1jtT4ZXp-ekUbFHG8Z-3tFA8DhTyVsVaD,2026-03-14T15:32:06.343Z,2026-03-14T15:32:06.343Z,Ryza17
2026-03-14T15:32:08.524Z,https://sphereworld.org/redirect/?id=6_jj-40p1m8,6_jj-40p1m8,2026-03-14T15:32:08.524Z,https://drive.google.com/drive/folders/12rl6BnhKsQ28rdMOPM8DiI15u7VNfpA6,2026-03-14T15:32:08.524Z,2026-03-14T15:32:08.524Z,Ryza18
2026-03-14T15:32:10.441Z,https://sphereworld.org/redirect/?id=982rlm0kutrw,982rlm0kutrw,2026-03-14T15:32:10.441Z,https://drive.google.com/drive/folders/1gGpUQEBIX3mX1mNmB2yVs-EfK_Fzf5_2,2026-03-14T15:32:10.441Z,2026-03-14T15:32:10.441Z,Ryza2
2026-03-14T15:32:12.630Z,https://sphereworld.org/redirect/?id=i-6n9gb-r-r8,i-6n9gb-r-r8,2026-03-14T15:32:12.630Z,https://drive.google.com/drive/folders/1GeWsMM4tzXeCRuJiO41jA5PvAtI9Nwwk,2026-03-14T15:32:12.630Z,2026-03-14T15:32:12.630Z,Ryza2_extra
2026-03-14T15:32:14.641Z,https://sphereworld.org/redirect/?id=4ardq-h5vs,4ardq-h5vs,2026-03-14T15:32:14.641Z,https://drive.google.com/drive/folders/1_8LhW60V2o5YQpcWtWVymHLOzwLtmkxv,2026-03-14T15:32:14.641Z,2026-03-14T15:32:14.641Z,Ryza3
2026-03-14T15:32:16.683Z,https://sphereworld.org/redirect/?id=4p0rjxgouqv,4p0rjxgouqv,2026-03-14T15:32:16.683Z,https://drive.google.com/drive/folders/1G90qbp1ZYrEeu2E1D1MpfGRC8W6HYqqV,2026-03-14T15:32:16.683Z,2026-03-14T15:32:16.683Z,Ryza4
2026-03-14T15:32:18.632Z,https://sphereworld.org/redirect/?id=hp9p7-069,hp9p7-069,2026-03-14T15:32:18.632Z,https://drive.google.com/drive/folders/1dzSyttjPAJAk4_XpIrE5MzjXKFuZcWDH,2026-03-14T15:32:18.632Z,2026-03-14T15:32:18.632Z,Ryza5
2026-03-14T15:32:20.758Z,https://sphereworld.org/redirect/?id=ic0ovqyve,ic0ovqyve,2026-03-14T15:32:20.758Z,https://drive.google.com/drive/folders/1HVJuNFSMzbjlaHcvWlODQKO1lApnb7cw,2026-03-14T15:32:20.758Z,2026-03-14T15:32:20.758Z,Ryza6
2026-03-14T15:32:22.725Z,https://sphereworld.org/redirect/?id=jjc3_ssy5v0u,jjc3_ssy5v0u,2026-03-14T15:32:22.725Z,https://drive.google.com/drive/folders/1NycDJxZwkazcAioKJ9-CQhbIDUKZnAxQ,2026-03-14T15:32:22.725Z,2026-03-14T15:32:22.725Z,Ryza7
2026-03-14T15:32:24.919Z,https://sphereworld.org/redirect/?id=0vacuj3no7n,0vacuj3no7n,2026-03-14T15:32:24.919Z,https://drive.google.com/drive/folders/1zIghu-Py05TxQeDc_cg5zw7LE3PkoKF_,2026-03-14T15:32:24.919Z,2026-03-14T15:32:24.919Z,Ryza8
2026-03-14T15:32:26.889Z,https://sphereworld.org/redirect/?id=4vxx74umwsgb,4vxx74umwsgb,2026-03-14T15:32:26.889Z,https://drive.google.com/drive/folders/1kUugAPv86Vz-MBfVXRRCYr6BeKRn9fUe,2026-03-14T15:32:26.889Z,2026-03-14T15:32:26.889Z,Ryza9
2026-03-14T15:28:42.985Z,https://sphereworld.org/redirect/?id=2_av99xr92y,2_av99xr92y,2026-03-14T15:28:42.985Z,https://drive.google.com/drive/folders/1yluPA5II9y2ZQ1C2ojgwSjDiD642NN1G,2026-03-14T15:28:42.985Z,2026-03-14T15:28:42.985Z,SajunaInui
2026-03-14T15:28:44.926Z,https://sphereworld.org/redirect/?id=nfryqfrq7be,nfryqfrq7be,2026-03-14T15:28:44.926Z,https://drive.google.com/drive/folders/1cBTz3wFbmQF9l2C1CZDH4hqdT-gvXpkH,2026-03-14T15:28:44.926Z,2026-03-14T15:28:44.926Z,SajunaInui2
2026-03-14T14:51:54.630Z,https://sphereworld.org/redirect/?id=q727qt-580wn,q727qt-580wn,2026-03-14T14:51:54.630Z,https://drive.google.com/drive/folders/1P0YWIp8crW7HUGDnSI5gnGhxHGkpQ6Vv,2026-03-14T14:51:54.630Z,2026-03-14T14:51:54.630Z,SakiSasaki
2026-03-14T14:51:56.918Z,https://sphereworld.org/redirect/?id=pnfpxxm9x,pnfpxxm9x,2026-03-14T14:51:56.918Z,https://drive.google.com/drive/folders/14cWrNjRVSybn1bR64REwu0zl-5O4iGtd,2026-03-14T14:51:56.918Z,2026-03-14T14:51:56.918Z,SakiSasaki2
2026-03-14T14:51:58.948Z,https://sphereworld.org/redirect/?id=84j3agp783fx,84j3agp783fx,2026-03-14T14:51:58.948Z,https://drive.google.com/drive/folders/1JFm3sZ8adYusAYmiS1lSaovKqyCNSj85,2026-03-14T14:51:58.948Z,2026-03-14T14:51:58.948Z,SakiSasaki3
2026-03-14T14:52:01.264Z,https://sphereworld.org/redirect/?id=lneoybb2r-8o,lneoybb2r-8o,2026-03-14T14:52:01.264Z,https://drive.google.com/drive/folders/1zJR2qcW3Zsj2FTNPSBR5t8H2AT4l4m7J,2026-03-14T14:52:01.264Z,2026-03-14T14:52:01.264Z,SakiSasaki4
2026-03-14T14:52:03.627Z,https://sphereworld.org/redirect/?id=uck_5ic2bw,uck_5ic2bw,2026-03-14T14:52:03.627Z,https://drive.google.com/drive/folders/1N0Wenq6JcE9HCzAjcO-KKatbFSda9X-5,2026-03-14T14:52:03.627Z,2026-03-14T14:52:03.627Z,SakiSasaki5
2026-03-14T14:52:06.151Z,https://sphereworld.org/redirect/?id=7tcmsajvu3,7tcmsajvu3,2026-03-14T14:52:06.151Z,https://drive.google.com/drive/folders/1CepfZnVwpcEL26zGnw-_wk3vq_42pD4G,2026-03-14T14:52:06.151Z,2026-03-14T14:52:06.151Z,SakiSasaki6
2026-03-14T14:52:08.444Z,https://sphereworld.org/redirect/?id=7c3xctggl,7c3xctggl,2026-03-14T14:52:08.444Z,https://drive.google.com/drive/folders/1G2RkGYiQuWtAwINqQYiXFXle82ZW10H2,2026-03-14T14:52:08.444Z,2026-03-14T14:52:08.444Z,SaraHoshikawa
2026-03-14T14:52:10.756Z,https://sphereworld.org/redirect/?id=ek9xxtwvl2,ek9xxtwvl2,2026-03-14T14:52:10.756Z,https://drive.google.com/drive/folders/113_IDHdj3eD9nbJBInrVakR94f3gpsQc,2026-03-14T14:52:10.756Z,2026-03-14T14:52:10.756Z,SaraHoshikawa2
2026-03-14T14:52:12.779Z,https://sphereworld.org/redirect/?id=bh9hacxbq97,bh9hacxbq97,2026-03-14T14:52:12.779Z,https://drive.google.com/drive/folders/1mIc2SnijTVB6Jjix8gxv3J-YDj72AQ0L,2026-03-14T14:52:12.779Z,2026-03-14T14:52:12.779Z,SaraHoshikawa3
2026-03-14T14:52:14.758Z,https://sphereworld.org/redirect/?id=zl-sj_82r9,zl-sj_82r9,2026-03-14T14:52:14.758Z,https://drive.google.com/drive/folders/1RvRLJtxSGJdWvIT1HGsxDT4yheVk1mjk,2026-03-14T14:52:14.758Z,2026-03-14T14:52:14.758Z,SaraHoshikawa4
2026-03-14T14:52:16.856Z,https://sphereworld.org/redirect/?id=lkzqlwn296e9,lkzqlwn296e9,2026-03-14T14:52:16.856Z,https://drive.google.com/drive/folders/16LFJoZWVbjhVoVbjwDYjqaWuynIpUjdV,2026-03-14T14:52:16.856Z,2026-03-14T14:52:16.856Z,ShionGura_a
2026-03-14T14:52:18.946Z,https://sphereworld.org/redirect/?id=9bc26jni8c,9bc26jni8c,2026-03-14T14:52:18.946Z,https://drive.google.com/drive/folders/1Pjy5AV4mf0Iz4reyRmKo9J6qGmYe1CzJ,2026-03-14T14:52:18.946Z,2026-03-14T14:52:18.946Z,ShionGura_b
2026-03-14T14:52:21.060Z,https://sphereworld.org/redirect/?id=1ns64qm0z,1ns64qm0z,2026-03-14T14:52:21.060Z,https://drive.google.com/drive/folders/1TWy6WAh3F4YAhJhFE9uuzHwpcuHREtuP,2026-03-14T14:52:21.060Z,2026-03-14T14:52:21.060Z,ShionMurasaki
2026-03-14T14:52:23.128Z,https://sphereworld.org/redirect/?id=kfd3emqnm,kfd3emqnm,2026-03-14T14:52:23.128Z,https://drive.google.com/drive/folders/1t5HVx76i9yyuI0xyCtPdOMPt-X9Hw6-t,2026-03-14T14:52:23.128Z,2026-03-14T14:52:23.128Z,SisterClaire
2026-03-14T14:52:25.499Z,https://sphereworld.org/redirect/?id=0cdzbmxdjo1,0cdzbmxdjo1,2026-03-14T14:52:25.499Z,https://drive.google.com/drive/folders/1oh7XnVtMbS5QpLPxGMv-WW0OAwUON9R3,2026-03-14T14:52:25.499Z,2026-03-14T14:52:25.499Z,SisterClaire2
2026-03-14T14:52:27.531Z,https://sphereworld.org/redirect/?id=nqxf8x-zj,nqxf8x-zj,2026-03-14T14:52:27.531Z,https://drive.google.com/drive/folders/1K3P0nJFCpDwg_7bxqWClwj_3j1DzoPGc,2026-03-14T14:52:27.531Z,2026-03-14T14:52:27.531Z,SisterClaire3
2026-03-14T14:52:29.815Z,https://sphereworld.org/redirect/?id=c8pqxrean,c8pqxrean,2026-03-14T14:52:29.815Z,https://drive.google.com/drive/folders/1QDGnUz4hFEYnuCYN0fdlrCsPVdOnPi7e,2026-03-14T14:52:29.815Z,2026-03-14T14:52:29.815Z,SisterClaire4
2026-03-14T14:52:32.105Z,https://sphereworld.org/redirect/?id=xun3h501iy,xun3h501iy,2026-03-14T14:52:32.105Z,https://drive.google.com/drive/folders/1XsjLd8F_kh642ihoa8rrLBklHxG45wGv,2026-03-14T14:52:32.105Z,2026-03-14T14:52:32.105Z,SisterClaire5
2026-03-14T14:52:34.456Z,https://sphereworld.org/redirect/?id=wadlv-n07gev,wadlv-n07gev,2026-03-14T14:52:34.456Z,https://drive.google.com/drive/folders/10v0tO2sqTkLE934c4KzcxM6Eq5oEo5Az,2026-03-14T14:52:34.456Z,2026-03-14T14:52:34.456Z,SoraTokino
2026-03-14T14:52:36.499Z,https://sphereworld.org/redirect/?id=18gh8mgm4rk,18gh8mgm4rk,2026-03-14T14:52:36.499Z,https://drive.google.com/drive/folders/1RtowiLvoXWFDLy4J-zVc2KM4x-7jOkxa,2026-03-14T14:52:36.499Z,2026-03-14T14:52:36.499Z,SoraTokino2
2026-03-14T14:52:38.497Z,https://sphereworld.org/redirect/?id=maxiboign,maxiboign,2026-03-14T14:52:38.497Z,https://drive.google.com/drive/folders/1oXaYQuBJrgvtBsu_KlQh9UiIZyUPg5lH,2026-03-14T14:52:38.497Z,2026-03-14T14:52:38.497Z,Startend
2026-03-14T14:52:40.570Z,https://sphereworld.org/redirect/?id=7bweyzno8,7bweyzno8,2026-03-14T14:52:40.570Z,https://drive.google.com/drive/folders/1lEMsPsUIgGdWruEH7oAqXc8oDU6WudR3,2026-03-14T14:52:40.570Z,2026-03-14T14:52:40.570Z,SubaruOozora
2026-03-14T14:52:42.576Z,https://sphereworld.org/redirect/?id=p5hbd7j0ip,p5hbd7j0ip,2026-03-14T14:52:42.576Z,https://drive.google.com/drive/folders/1FB5nnMngaIiv_FrGmM_lGsrR-L1Rcqq4,2026-03-14T14:52:42.576Z,2026-03-14T14:52:42.576Z,SubaruOozora2
2026-03-14T14:52:44.610Z,https://sphereworld.org/redirect/?id=ga-zpy3gfh1,ga-zpy3gfh1,2026-03-14T14:52:44.610Z,https://drive.google.com/drive/folders/1Yd7EYxsRLGHp3xzvUMv1sSBiP4UJru0n,2026-03-14T14:52:44.610Z,2026-03-14T14:52:44.610Z,SubaruOozora3
2026-03-14T14:52:46.948Z,https://sphereworld.org/redirect/?id=5pcsxe6ruuh,5pcsxe6ruuh,2026-03-14T14:52:46.948Z,https://drive.google.com/drive/folders/1KB_j0xaYHjAff0rnw6NzgKYcf-fG4Axy,2026-03-14T14:52:46.948Z,2026-03-14T14:52:46.948Z,SubaruOozora4
2026-03-14T14:52:48.943Z,https://sphereworld.org/redirect/?id=hqkladxguly,hqkladxguly,2026-03-14T14:52:48.943Z,https://drive.google.com/drive/folders/1SMiDYQhttNkk3v-VjmShk1TPilcOB_E_,2026-03-14T14:52:48.943Z,2026-03-14T14:52:48.943Z,Suisei
2026-03-14T14:52:51.253Z,https://sphereworld.org/redirect/?id=na9qh--1anc2,na9qh--1anc2,2026-03-14T14:52:51.253Z,https://drive.google.com/drive/folders/1q7I4965BSWTmkpD01_VRCbNtGVp2OvHG,2026-03-14T14:52:51.253Z,2026-03-14T14:52:51.253Z,Suisei10
2026-03-14T14:52:53.658Z,https://sphereworld.org/redirect/?id=yxv_yqoc0d,yxv_yqoc0d,2026-03-14T14:52:53.658Z,https://drive.google.com/drive/folders/1UyZik20uRQ5zlK4H9ZBbWVqMriD5GaVw,2026-03-14T14:52:53.658Z,2026-03-14T14:52:53.658Z,Suisei11
2026-03-14T14:52:56.043Z,https://sphereworld.org/redirect/?id=w93yjdm0m69s,w93yjdm0m69s,2026-03-14T14:52:56.043Z,https://drive.google.com/drive/folders/1U25SZy2LoyVRtzcJBBGK6DPhK5cs4P4v,2026-03-14T14:52:56.043Z,2026-03-14T14:52:56.043Z,Suisei12
2026-03-14T14:52:58.290Z,https://sphereworld.org/redirect/?id=0nh0gcteq,0nh0gcteq,2026-03-14T14:52:58.290Z,https://drive.google.com/drive/folders/1qNtwXG9dcZjJyGSlb0mCKSpMhItBXZg8,2026-03-14T14:52:58.290Z,2026-03-14T14:52:58.290Z,Suisei13
2026-03-14T14:53:00.301Z,https://sphereworld.org/redirect/?id=qs4vt2vjfvv,qs4vt2vjfvv,2026-03-14T14:53:00.301Z,https://drive.google.com/drive/folders/14GtksABt36M9QVPCVZed9HG3HtpOL9oF,2026-03-14T14:53:00.301Z,2026-03-14T14:53:00.301Z,Suisei14
2026-03-14T14:53:02.292Z,https://sphereworld.org/redirect/?id=dt_h3gwr9in,dt_h3gwr9in,2026-03-14T14:53:02.292Z,https://drive.google.com/drive/folders/13anqelpqIiGi6R3xqnYjfh4tFCaztnJB,2026-03-14T14:53:02.292Z,2026-03-14T14:53:02.292Z,Suisei2
2026-03-14T14:53:04.261Z,https://sphereworld.org/redirect/?id=jb44k0n-nr,jb44k0n-nr,2026-03-14T14:53:04.261Z,https://drive.google.com/drive/folders/1s1YSZlH8UZxFqi7I0eOcoetxXUcBEGsK,2026-03-14T14:53:04.261Z,2026-03-14T14:53:04.261Z,Suisei3
2026-03-14T14:53:06.274Z,https://sphereworld.org/redirect/?id=snw1mq93u,snw1mq93u,2026-03-14T14:53:06.274Z,https://drive.google.com/drive/folders/1coU2AV5HC1o3O9UXyqGZA6IDud4qziqb,2026-03-14T14:53:06.274Z,2026-03-14T14:53:06.274Z,Suisei4
2026-03-14T14:53:08.586Z,https://sphereworld.org/redirect/?id=cl7j33zakf,cl7j33zakf,2026-03-14T14:53:08.586Z,https://drive.google.com/drive/folders/1sb9AlsNgpqvQ2a76LNlYUbY9lCUzX_W-,2026-03-14T14:53:08.586Z,2026-03-14T14:53:08.586Z,Suisei5
2026-03-14T15:01:49.898Z,https://sphereworld.org/redirect/?id=cc2imbg9peja,cc2imbg9peja,2026-03-14T15:01:49.898Z,https://drive.google.com/drive/folders/1JvNT8D_ce_0KrU7w4Zjm6rwmLLTeyKEW,2026-03-14T15:01:49.898Z,2026-03-14T15:01:49.898Z,Suisei6
2026-03-14T15:01:52.090Z,https://sphereworld.org/redirect/?id=qc6kitf2vyy7,qc6kitf2vyy7,2026-03-14T15:01:52.090Z,https://drive.google.com/drive/folders/19au3F8cRloj1g7kVlO88pVpevF2ADyCS,2026-03-14T15:01:52.090Z,2026-03-14T15:01:52.090Z,Suisei8
2026-03-14T15:01:54.113Z,https://sphereworld.org/redirect/?id=72w635a-t4,72w635a-t4,2026-03-14T15:01:54.113Z,https://drive.google.com/drive/folders/1eR2KqmZTGZlK2WF8C6JemE9N19JVpm1d,2026-03-14T15:01:54.113Z,2026-03-14T15:01:54.113Z,Suisei9
2026-03-14T15:01:57.635Z,https://sphereworld.org/redirect/?id=z94ymg1r50f4,z94ymg1r50f4,2026-03-14T15:01:57.635Z,https://drive.google.com/drive/folders/1ytyTinig1hDw-pBh2gjQrIy516biq6w5,2026-03-14T15:01:57.635Z,2026-03-14T15:01:57.635Z,Susei7
2026-03-14T15:01:59.909Z,https://sphereworld.org/redirect/?id=l9z_vz5rc,l9z_vz5rc,2026-03-14T15:01:59.909Z,https://drive.google.com/drive/folders/1J11a_Rrb42idgdLgi_Lp61AHOns9I60N,2026-03-14T15:01:59.909Z,2026-03-14T15:01:59.909Z,TowaTokoyami
2026-03-14T15:02:02.140Z,https://sphereworld.org/redirect/?id=riydag_r9,riydag_r9,2026-03-14T15:02:02.140Z,https://drive.google.com/drive/folders/11EOJMPXooHNw5D3rW98E4uDEF8LLHdk8,2026-03-14T15:02:02.140Z,2026-03-14T15:02:02.140Z,TowaTokoyami10
2026-03-14T15:02:04.701Z,https://sphereworld.org/redirect/?id=cp3f7-hld6,cp3f7-hld6,2026-03-14T15:02:04.701Z,https://drive.google.com/drive/folders/1o4ifen4uZqpzw5As6VDCOGn9JfrQoUkh,2026-03-14T15:02:04.701Z,2026-03-14T15:02:04.701Z,TowaTokoyami2
2026-03-14T15:02:06.868Z,https://sphereworld.org/redirect/?id=6eivwidhj29,6eivwidhj29,2026-03-14T15:02:06.868Z,https://drive.google.com/drive/folders/1oKhXjoMLPqaBxZ4qPGV-z3vyy2l4ukKi,2026-03-14T15:02:06.868Z,2026-03-14T15:02:06.868Z,TowaTokoyami3
2026-03-14T15:02:09.104Z,https://sphereworld.org/redirect/?id=tddng-1ep1t,tddng-1ep1t,2026-03-14T15:02:09.104Z,https://drive.google.com/drive/folders/1v0SEU4Y_gq0h-rkYYAXbGDf3y9ygi5VH,2026-03-14T15:02:09.104Z,2026-03-14T15:02:09.104Z,TowaTokoyami4
2026-03-14T15:02:11.123Z,https://sphereworld.org/redirect/?id=g9w1f1u3af,g9w1f1u3af,2026-03-14T15:02:11.123Z,https://drive.google.com/drive/folders/1y8TqpgYJ033uTfE_ekhmQw5pmM_Ix-Ay,2026-03-14T15:02:11.123Z,2026-03-14T15:02:11.123Z,TowaTokoyami5
2026-03-14T15:02:13.295Z,https://sphereworld.org/redirect/?id=a2xpy72z0-8,a2xpy72z0-8,2026-03-14T15:02:13.295Z,https://drive.google.com/drive/folders/1FZx55JSI_pc8MkUjmKJII3aEX6a2Y-5Q,2026-03-14T15:02:13.295Z,2026-03-14T15:02:13.295Z,TowaTokoyami6
2026-03-14T15:02:15.292Z,https://sphereworld.org/redirect/?id=sg52sj7mtt,sg52sj7mtt,2026-03-14T15:02:15.292Z,https://drive.google.com/drive/folders/1WZCG7d65GMZfUMs-tnXUcwepkxGR_3MS,2026-03-14T15:02:15.292Z,2026-03-14T15:02:15.292Z,TowaTokoyami7
2026-03-14T15:02:17.426Z,https://sphereworld.org/redirect/?id=52c-badlj9,52c-badlj9,2026-03-14T15:02:17.426Z,https://drive.google.com/drive/folders/1RPBFSEaOS5pXyxH5n3t2iWP7rak5TLUQ,2026-03-14T15:02:17.426Z,2026-03-14T15:02:17.426Z,TowaTokoyami8a
2026-03-14T15:02:19.582Z,https://sphereworld.org/redirect/?id=b1fqpzjsv-c,b1fqpzjsv-c,2026-03-14T15:02:19.582Z,https://drive.google.com/drive/folders/1N5MmvILv9vFOsT0Q2uO4E7ayfqJeu5X1,2026-03-14T15:02:19.582Z,2026-03-14T15:02:19.582Z,TowaTokoyami8b
2026-03-14T15:02:21.566Z,https://sphereworld.org/redirect/?id=as3c3af60ak,as3c3af60ak,2026-03-14T15:02:21.566Z,https://drive.google.com/drive/folders/1h6GGsdDL1vPjYTQbKBz6rB1PdwnR1JrO,2026-03-14T15:02:21.566Z,2026-03-14T15:02:21.566Z,TowaTokoyami9
2026-03-14T15:02:23.712Z,https://sphereworld.org/redirect/?id=r30772i_-e,r30772i_-e,2026-03-14T15:02:23.712Z,https://drive.google.com/drive/folders/1uS6fN3MCqHzFK_l6o6OgoWc79oBYmKTr,2026-03-14T15:02:23.712Z,2026-03-14T15:02:23.712Z,UiShigure
2026-03-14T15:02:25.856Z,https://sphereworld.org/redirect/?id=npfktbh0y,npfktbh0y,2026-03-14T15:02:25.856Z,https://drive.google.com/drive/folders/1q9woDz2tDNNG9CHRJb18j0pplnK3fZsk,2026-03-14T15:02:25.856Z,2026-03-14T15:02:25.856Z,UiShigure2
2026-03-14T15:02:27.840Z,https://sphereworld.org/redirect/?id=ol3m37yzm1,ol3m37yzm1,2026-03-14T15:02:27.840Z,https://drive.google.com/drive/folders/1WKpybp6CUkpmS7ZtZAnIUW91bed0qyCY,2026-03-14T15:02:27.840Z,2026-03-14T15:02:27.840Z,UiShigure3
2026-03-14T15:02:29.765Z,https://sphereworld.org/redirect/?id=uxafxomwe,uxafxomwe,2026-03-14T15:02:29.765Z,https://drive.google.com/drive/folders/1WC-NGQ05YJmdnB-0CbpUQjAQ3vtVNEVB,2026-03-14T15:02:29.765Z,2026-03-14T15:02:29.765Z,UiShigure4
2026-03-14T15:02:31.909Z,https://sphereworld.org/redirect/?id=rbxw36pp8,rbxw36pp8,2026-03-14T15:02:31.909Z,https://drive.google.com/drive/folders/1Iy_Tu6okonF_Y3tTsKgfeRZhawcAi326,2026-03-14T15:02:31.909Z,2026-03-14T15:02:31.909Z,UiShigure5
2026-03-14T15:31:32.979Z,https://sphereworld.org/redirect/?id=ddq4r9w42bs9,ddq4r9w42bs9,2026-03-14T15:31:32.979Z,https://drive.google.com/drive/folders/1tvPX98cr8BdEZG3a2Mo_vwgTPMn4VTS6,2026-03-14T15:31:32.979Z,2026-03-14T15:31:32.979Z,Yotsuba
2026-03-14T15:31:35.277Z,https://sphereworld.org/redirect/?id=d04bl6ulss,d04bl6ulss,2026-03-14T15:31:35.277Z,https://drive.google.com/drive/folders/1MYuS22zq1Xcuo4Xow7yS6xX2gxywASr9,2026-03-14T15:31:35.277Z,2026-03-14T15:31:35.277Z,YotsubaNakano2
2026-03-14T15:30:25.672Z,https://sphereworld.org/redirect/?id=cfenpk9_aot,cfenpk9_aot,2026-03-14T15:30:25.672Z,https://drive.google.com/drive/folders/1_Y2EfzLKplBmh9x59ul0k92ur9SaiEVN,2026-03-14T15:30:25.672Z,2026-03-14T15:30:25.672Z,YuiYuigahama
2026-03-14T15:30:27.744Z,https://sphereworld.org/redirect/?id=ycjxaibosv,ycjxaibosv,2026-03-14T15:30:27.744Z,https://drive.google.com/drive/folders/14iwI92SlkbNmYIYBa0XqBtM0qNKfkXHO,2026-03-14T15:30:27.744Z,2026-03-14T15:30:27.744Z,YuiYuigahama2
2026-03-14T15:30:32.443Z,https://sphereworld.org/redirect/?id=z-o2jsu38,z-o2jsu38,2026-03-14T15:30:32.443Z,https://drive.google.com/drive/folders/1KgKZ6LGnJkGdXTcZb2N3fRJ1iALXuKMA,2026-03-14T15:30:32.443Z,2026-03-14T15:30:32.443Z,Yukino
2026-03-14T15:30:37.191Z,https://sphereworld.org/redirect/?id=6aranvodz,6aranvodz,2026-03-14T15:30:37.191Z,https://drive.google.com/drive/folders/1LhWp2GbiORxlZLyjnPNz1BqaqnmOph1C,2026-03-14T15:30:37.191Z,2026-03-14T15:30:37.191Z,Yukino3
2026-03-14T15:30:39.553Z,https://sphereworld.org/redirect/?id=3i7nlcsb690,3i7nlcsb690,2026-03-14T15:30:39.553Z,https://drive.google.com/drive/folders/1TLgu9NZLlwHxrm_nx2EIuA3pbNjXHkaC,2026-03-14T15:30:39.553Z,2026-03-14T15:30:39.553Z,Yukino4
2026-03-14T15:30:41.916Z,https://sphereworld.org/redirect/?id=uijjx4ttq7y2,uijjx4ttq7y2,2026-03-14T15:30:41.916Z,https://drive.google.com/drive/folders/1iBQLknr5SgxKIlkx7yHmLXtf95Db52DK,2026-03-14T15:30:41.916Z,2026-03-14T15:30:41.916Z,Yukino5
2026-03-14T15:30:43.961Z,https://sphereworld.org/redirect/?id=wqmt5jbhb6,wqmt5jbhb6,2026-03-14T15:30:43.961Z,https://drive.google.com/drive/folders/1w1ZlwyFgOE7nwdW6gfKaie7_zYQiTnp3,2026-03-14T15:30:43.961Z,2026-03-14T15:30:43.961Z,Yukino6
2026-03-14T15:30:46.088Z,https://sphereworld.org/redirect/?id=kc0di44se13,kc0di44se13,2026-03-14T15:30:46.088Z,https://drive.google.com/drive/folders/1hXan6wRLzfZwz2tkTfcZjq-PiuhkrsOQ,2026-03-14T15:30:46.088Z,2026-03-14T15:30:46.088Z,Yukino7
2026-03-14T15:30:48.061Z,https://sphereworld.org/redirect/?id=ye_tc-jnrcg,ye_tc-jnrcg,2026-03-14T15:30:48.061Z,https://drive.google.com/drive/folders/1Zqfcyi2wQKX7yLNg_Tc45SwDVw-VDwMH,2026-03-14T15:30:48.061Z,2026-03-14T15:30:48.061Z,Yukino8
2026-03-04T10:16:46.043Z,https://sphereworld.org/redirect/?id=oxjidfd974x2,oxjidfd974x2,2026-03-04T10:16:46.043Z,https://github.com,2026-03-04T10:16:46.043Z,2026-03-04T10:16:46.043Z,github
2026-02-19T10:57:29.206Z,https://sphereworld.org/redirect/?id=b9sjmr7tjks,b9sjmr7tjks,2026-02-19T10:57:29.206Z,https://www.google.com/,2026-02-19T10:57:29.206Z,2026-02-19T10:57:29.206Z,google
2026-03-14T15:30:15.889Z,https://sphereworld.org/redirect/?id=g8lyptn3cpq,g8lyptn3cpq,2026-03-14T15:30:15.889Z,https://drive.google.com/drive/folders/1HuEZ6ZKB4ZxPjG4d2zAjYOveRygg5Wxa,2026-03-14T15:30:15.889Z,2026-03-14T15:30:15.889Z,iroha
2026-03-14T14:49:24.281Z,https://sphereworld.org/redirect/?id=fkapyit812,fkapyit812,2026-03-14T14:49:24.281Z,https://drive.google.com/drive/folders/16ilJ7hUTLH15PcZizq7QBJzav3oWctPr,2026-03-14T14:49:24.281Z,2026-03-14T14:49:24.281Z,kizunaai4
2026-03-14T14:49:31.156Z,https://sphereworld.org/redirect/?id=ocz2o4yfii,ocz2o4yfii,2026-03-14T14:49:31.156Z,https://drive.google.com/drive/folders/17ZEY15sqSXga7NCyjKowQnnkgTKtsp1m,2026-03-14T14:49:31.156Z,2026-03-14T14:49:31.156Z,korone
2026-03-14T15:32:36.964Z,https://sphereworld.org/redirect/?id=vnuurdvl64f,vnuurdvl64f,2026-03-14T15:32:36.964Z,https://drive.google.com/drive/folders/1JP9RJYGLyScnDMGZsZ7IjOANBqv183Uc,2026-03-14T15:32:36.964Z,2026-03-14T15:32:36.964Z,misaka
2026-03-14T15:32:41.465Z,https://sphereworld.org/redirect/?id=e21sdrarxo,e21sdrarxo,2026-03-14T15:32:41.465Z,https://drive.google.com/drive/folders/1xrhoOL5gP1z--SwxjN6VRsxOXfm3wB8F,2026-03-14T15:32:41.465Z,2026-03-14T15:32:41.465Z,misaka2ex
2026-02-19T10:58:26.433Z,https://sphereworld.org/redirect/?id=2ritulq_m94t,2ritulq_m94t,2026-02-19T10:58:26.433Z,https://www.yahoo.co.jp/,2026-03-04T10:15:57.592Z,2026-03-04T10:15:57.592Z,yahoo
2026-03-14T15:30:34.694Z,https://sphereworld.org/redirect/?id=brbd9tnus,brbd9tnus,2026-03-14T15:30:34.694Z,https://drive.google.com/drive/folders/1L3EXsUYF7iDf7KPxJv8Y3X3YHmPizRSg,2026-03-14T15:30:34.694Z,2026-03-14T15:30:34.694Z,yukino2
